,COUNTRY NAME,TOTAL REQUEST,TOTAL IMPRESSION,FR (%),TOTAL WIN,WTR (%),TOTAL BID VALUE,TOTAL WIN BID VALUE,ECPW,EIPW,TOTAL CLIENT RENDER,RTR (%),TOTAL CLICK,Billed Clicks,CTR (%),Profit Margin (%),Conversions,clicksr,Revenue,Network Revenue,Exchange Revenue,CPA Revenue,eCPC,billedECPC,ECPM,ECPA,PubIncome,Network Income,Exchange Income,eIPC,EIPM,EIPA
,India,21341,21341,100.000,0,0.000,106.705,0.000,0.000,0.000,0,0.000,35,35,0.164,91.667,35,100.000,0.420,21.000,10.500,3.500,0.012,0.012,0.020,0.012,0.035,17.500,7.000,0.001,0.002,0.001
,United States,46,46,100.000,0,0.000,0.230,0.000,0.000,0.000,0,0.000,3,3,6.522,91.667,3,100.000,0.036,1.800,0.900,0.300,0.012,0.012,0.783,0.012,0.003,1.500,0.600,0.001,0.065,0.001
,China,4,4,100.000,0,0.000,0.020,0.000,0.000,0.000,0,0.000,1,1,25.000,91.667,1,100.000,0.012,0.600,0.300,0.100,0.012,0.012,3.000,0.012,0.001,0.500,0.200,0.001,0.250,0.001
,None,1,1,100.000,0,0.000,0.005,0.000,0.000,0.000,0,0.000,1,1,100.000,91.667,1,100.000,0.012,0.600,0.300,0.100,0.012,0.012,12.000,0.012,0.001,0.500,0.200,0.001,1.000,0.001
,South Africa,1,1,100.000,0,0.000,0.005,0.000,0.000,0.000,0,0.000,1,1,100.000,91.667,1,100.000,0.012,0.600,0.300,0.100,0.012,0.012,12.000,0.012,0.001,0.500,0.200,0.001,1.000,0.001
,Angola,0,0,0.000,0,0.000,0.000,0.000,0.000,0.000,0,0.000,26,26,0.000,91.667,26,100.000,0.312,15.600,7.800,2.600,0.012,0.012,0.000,0.012,0.026,13.000,5.200,0.001,0.000,0.001
TOTAL,,21393,21393,,0,,106.96499999998042,0.0,,,0,,67,67,,,67,,0.8040000000000003,40.2,20.1,6.700000000000003,,,,,0.06700000000000005,33.5,13.400000000000006,,,
